{"cameraMode":{"drawMode":0,"name":"Shaded","section":"Shading Mode"},"sceneLighting":false,"audioPlay":false,"sceneViewState":{"showFog":true,"showMaterialUpdate":false,"showSkybox":false,"showFlares":true,"showImageEffects":true,"showParticleSystems":true},"in2DMode":false,"pivot":{"x":1.0897135734558106,"y":-0.09760177135467529,"z":-0.28438660502433779},"rotation":{"x":0.22276706993579865,"y":-0.7754718661308289,"z":0.38701075315475466,"w":0.44637438654899599},"size":8.432591438293457,"orthographic":true}